Index,Text,True Label,Predicted Label
756,bận rất dễ_thương nhưng_mà phần keo dính sau lưng hơi dở chưa kịp mặc đã bị sứt ra rồi,0,1
924,chất_lượng sản_phẩm tương_đối tốt sợ của trung_quốc đeo bị,1,0
951,gà trộn ko được đều lắm nhưng cũng ok so tầm giá,0,1
1050,hảng sản_xuất hay dùng chiêu_bài tiện_lợi tiến_bộ sành_điệu v v   tất_cả chỉ mục_đích duy_nhất moi tiền người dùng còn những chi_tiết kỹ_thuật chưa khắc_phục được cứ lờ thôi ,1,0
1419,sản_phẩm chất_lượng tốt nhưng giao hàng chậm quá,0,1
1518,chất_lượng sản_phẩm ko_thể so thương_hiệu lớn nhưng xét về giá quá tốt ko hài_lòng 1 điều tã quần tặng kèm phải có size bằng size khách_hàng mua hàng tặng quá nhỏ ko xài dc cũng như_ko,0,1
2258,có_lẽ sản_phẩm không hài_lòng lắm vân chuyển nhanh giao hàng vui_vẻ,1,0
2695,sản_phẩm đóng_gói không hộp bao_bì sơ_sài,1,0
4290,van chuyen bi vo de chan,1,0
4480,sản_phẩm đã kích_hoạt bảo_hành shopee mall chẳng tin_tưởng được,1,0
4533, nhìn riết cũng bình_thường ko có đặc_sắc nhiều kiểu như hồi thiết_kế cứ na_ná nhau,1,0
4860,cần lưu_ý bản dựng đẹp tuyệt_vời còn bản chính_thức ,1,0
4991,đóng_gói chắc_chắn gọn_nhẹ nhưng bàn_phím không hề có đèn led,0,1
6009,có camera trước luôn đóng_gói sản_phẩm rất đẹp,0,1
6149,đắt,1,0
6751,thời_gian giao hàng rất nhanh đặt trắng gửi đen làm_việc không chuyên_nghiệp cả,0,1
6836,hp đáng mua nhất giá vừa_phải hàng đã cải_thiện chất_lượng khá nhiều tránh asus ra nhé,1,0
7165,sản_phẩm dùng ok lưu_ý nhỏ phần móc tay bằng chun bị sờn chỉ sử_dụng ngay lần đầu,0,1
7585,chưa dùng ko biết,1,0
7757,tiền_nào_của_nấy,0,1
8250,chất_lượng sản_phẩm rất kém phục_vụ rất tốt,0,1
8956,đề_nghị bán hàng có tâm 1_tí,1,0
9194,ok nhung ban noi tang doi vo ma ko co,0,1
9454,sấy hơi lâu nhưng giá chấp_nhận được,1,0
9483,hàng dùng tạm được,1,0
9683,vừa túi_tiền,0,1
9774, nhin sao don chat_luog,1,0
10642, thơm nhẹ nhanh bay mùi xí,0,1
10738,giao hàng nhanh sản_phẩm ko được tốt như mong_đợi,0,1
10831,sản_phẩm tạm được ko ưng lắm vì độ dài chỉ đến đầu_gối,1,0
11007,cũg đk hoi phòg phành k an_toàn lém n dùg cũg đk,1,0
11530,trong dòng máy nhật_bản panasonic có loa ngoài lớn nhất chứ ko phải nhờ up lên 4 0 đã từng dùng rất nhiều loại máy của nhật nhưng ko có ấn_tượng tốt em do nó wá kén phần_mềm mới test thử angry_birds bản_gốc keyboards pro hay báo lỗi calendar can not start cứ tưởng chỉ có 102p bị dè p04d cũng bị luôn thấy rủi_ro quá nên thôi vừa xài vừa bán điện_thoại nhật lời chẳng bao_nhiêu kiếm người chơi chung vui vậy_mà,1,0
11854,đắt,1,0
12073,cục sạc cute lạc lối mỗi_tội nặng như cục gạch,0,1
12787,đóng_gói hàng cẩn_thận sản_phẩm ít bọt rửa xong thấy da khô căng nên dùng thêm xịt khoáng để dưỡng_ẩm,0,1
13016,ấn_tượng đầu_tiên chai 10ml nên rất nhỏ tuy_nhiên thiết_kế màu xanh đậm nhìn rất thiên_nhiên tiki gói hàng kĩ nhưng serum vẫn thoát ra mùi trà rất thơm điều làm tin chất_lượng sản_phẩm nhất dùng thêm loại mặt_nạ tự làm mùi hương dễ_chịu diệt khuẩn hơn so giá đã giảm giá vậy ổn không quá đắt nhưng thực_sự chưa rẻ đã giảm gần 50% mỗi lần dùng hay bị tràn ra miệng chai phải lấy cẩn_thận mới tiết_kiệm được,1,0
13133,đã nhận được hàng nghe gọi không ổn tí chỉ nghe thấy lèo_xèo qua_loa,1,0
13870,nồng quá nên không sài được,1,0
14011,son đẹp mịn môi đóng_gói chắc nhưng mùi son nồng bị đổ mồ_hôi bị hai vết sướt dài,0,1
14084,chất_lượng sản_phẩm tuyệt_vời giao hàg chậm,0,1
14156,giao hàng nhanh sản_phẩm ko được tốt như mong_đợi,0,1
14379,chất_lượng hợp giá tiền có_điều lúc hỏi mua hàng check tn rất nhanh đến nhận hàng ko vừa nt báo đổi trực_tuyến shoppe vẫn ko check tn dù đã alo báo rồi vẫn ko tl,1,0
14674,thời_gian giao hàng rất nhanh rất không đáng tiềndùng mấy hôm lại hỏng nhếch,1,0
14827,moi co bao_nhiu ngay ma phai mau,1,0
14895,giao hàng nhanh quá 1 ngày đã đến nơi,0,1
15459,đắt,1,0
15932,giày cũng đẹp tuy_nhiên bạn lưu_ý tiền_nào_của_nấy nha da cứng nhăn không phục_hồi nha,1,0
16096,mua bông tẩy_trang nhưng lại gởi miếng thấm tonershop giải_quyết giúp nhé,1,0
16727,thời_gian giao hàng rất nhanh rất không đáng tiềndùng mấy hôm lại hỏng nhếch,1,0
16931,giao hàng nhanh sản_phẩm ko được tốt như mong_đợi,0,1
17168,hang tạm dc,1,0
17211,thời_gian giao hàng rất nhanhsản_phẩm hơi nhỏchưa đc hài_lòng lắm,0,1
17545,chất_lượng sản_phẩm tạm được giao hàng hơi lâu máy yếu quá khói ít k thơm mấy,1,0
17821,giao sai hàng đóng_gói sản_phẩm rất đẹp chắc_chắn,0,1
18556,thời_gian giao hàng rất nhanh dùng ngứa vs lên mụn,1,0
19469, tạm chấp_nhận được,1,0
19480,nhìn ok dùng mỗi ngày phải lấy lại 1 lần ,0,1
19670,giao thiếu 5 miếng cách giải_quyết chắc_chắn sẽ bù đơn hàng sau nhưng không có nhu_cầu mong bù bằng card điện_thoại giúp sẽ sửa lại đánh_giá thành 5 sao nếu sau cảm_ơn do chat không thấy xem nên phải nhắn_nhủ phần đánh_giá,1,0
19677,chất_lượng sản_phẩm tuyệt_vời shopee giao hàng rất chậm,0,1
19830,sản_phẩm không ròn lên rất cứng,0,1
19997,36000mah sạc có 2h đã hết sạch kg như mong_đợi  giao hàng nhanh ok,0,1
20522,san_pham hoi_nhan,0,1
20860,mỗi sp nescafe đều có để tặng ly giữ nhiệt mua hóa_đơn 130k nhận hàng ko thấy quà tặng đọc conment mới thấy tiki nhắn đã hết sp tặng kèm hy_vọng lần sau tiki sẽ khắc_phục tình_trạng thanks,1,0
21105,mẫu_mã bên ngoài tạm ổn con chất lương chua dùng nên cũng biêt được,1,0
21931,sản_phẩm hơi cũ bị xước,0,1
22301,tiền_nào_của_nấy,0,1
22966,check mã_vạch rồi chuẩn,0,1
22995,tồi,1,0
22998,cái viên tròn_tròn không phải bằng sắt đóng_gói chắc_chắn nếu bỏ thanh ra lắp rất chắc nhưng_mà thật lắc thật đau,0,1
23012,sản_phẩm chắc_chắn nhưng k bóng bằng trong hình,0,1
23033,son mau đo hông,0,1
23036,loan ơi anh yêu em,0,1
23055,mũ xinh ko có quai nhé,0,1
23067,minh dat 20 cay giao 19 cay,0,1
23086,núm ti dốc ngược xuống thấy phun thành tia ko biết bé sơ_sinh bú có bị sặc ko,0,1
23116,chất kem mỏng mịn nhẹ mặt m đánh cả chiều ko thấy xg tông nh mặt m k trắng dùng 52 vẫn thấy hơi tối mặt có_lẽ do chất kem mỏng nên k lên tông mấy chị_e thích sáng dù da k trắng nên lấy tông 51 nha,1,0
23134,không đẹp chắc_chắn 9tr mua đồng_hồ nhật hay tissot đeo vẫn sướng hơn,1,0
23167,hàng giả chắc_chắn luôn đã mua so_sánh,1,0
23172,chúng_ta lấy ra nhiều tiền để rồi vừa xây nhà_máy hạt_nhân làm đường_sắt cao_tốc làm trung_tâm hành_chính,1,0
23192,trang dính chặt nhau gỡ ra rách sách không được bảo_quản tốt,1,0
23224,balô to hợp vs những bé từ 5t trở lên,0,1
23227,giày,0,1
23321,chất_lượng sản_phẩm tạm dc khong nhu minh_nghi đóng_gói sản_phẩm rất đẹp chắc_chắn,0,1
23342,đóng_gói sản_phẩm rất đẹp chắc_chắn nhưng_mà lịch ngày không tự_động chạy phải tự chỉnh có phải lỗi không vậy,0,1
23381,chả hiểu mọi người cần pin dùng lâu đến như_thế_nào mới đủ vì ngày hai ngày hay 1 tuần cũng vẫn cứ phải sạc dùng aw từ sáng đến 8h tối vẫn còn 70% pin nói_chung khá hài_lòng những aw mang lại,0,1
23386,hàng 104k nên chất_lượng cũng ko đòi_hỏi hơn,1,0
23406,vali tạm ổn giá tuy_nhiên rõ_ràng ghi tặng bình nc k có,1,0
23440,nói tặng 2 đôi tất không thấy cả,1,0
23445,giao hàng tầm 3 4 ngày vẽ lên mắt khoảng tầm 1 tiếng sau vô_tình lấy tay đụng nhẹ nó dính ngay tay rồi nói_chung khá dễ trôi mồ_hôi ra có nguy_cơ lem xuống mí bọng mắt như gấu_trúc nói_chung giá_cả vậy ok có xài tạm cũng đc nó vẫn hơn vẽ aliner bằng chì,0,1
23448, khớp nối điên_rồ nhưng tôi thấy ko ổn lắm chỗ hở ở khớp nối usbc nữa tuyệt_vời ngoài_ra,1,0
23470,nhược màu_sắc ko giống hình lắm có_thể do từng đợt hàng khác nhau túi hàng gửi đến đã bị rách tạ phải buộc chắc ko sẽ bị tuột ưu_thanh tạ tương_đối đẹp ko sứt_mẻ đều 5 vì tinh_thần làm_việc sẵn_sàng trả hàng của rất thích mặc_dù ko có nhu_cầu đổi_trả 3,0,1
23492,tôi yêu thích tác_giả diệp lạc vô_tâm sau hai tác_phẩm mãi_mãi bao_xa ngủ cùng sói hãy chờ em lớn lên nhé nên rất mong_chờ đọc tác_phẩm tuy_nhiên có_vẻ câu_chuyện hơi phi lôgic nhàm_chán khiến tôi phải bỏ_dở nhiều đoạn tôi cảm_thấy mẫu_thuẫn của hai nhân_vật không đáng có_thể giải_quyết được nhưng tác_giả tích_tụ lại đẩy nó lên cao_trào để rồi dẫn đến hận_thù chia_tay   nhưng đến cuối_cùng vẫn cái kết he lối viết của tác_giả vẫn dày_đặc những cảnh h,1,0
23495,xấukém nhưng mọi người tranh nhau mua làm kỉ_niệm ,1,0
23500,mới dùng 1 lần nhưng thấy khô_thoáng không có mùi,0,1
23505,đê nguyên gia đôla_my đi_đưng qui đôi ra tiên viêt nghe choáng quá,1,0
23508,yêu_cầu màu xanh giao toàn màu đỏ lần sau giao vậy sẽ ko nhận hàng tks,1,0
23511,uổng tín_đồ của iphone,1,0
23536,làm đồ_chơi con thôi đúng ham rẻ lao mua bjo mới thấy xót tiền mua cái ys 10 ổn hơn mn ah,1,0
23569,sản_phẩm chất_lượng rất tốt so giá tôi không hiểu sao họ có_thể làm ra sp chất_lượng giá rẻ như_vậy cho_dù sản_xuất ở đi_nữa,0,1
23590,chất_lượng sản_phẩm tạm được đóng_gói sản_phẩm chắc_chắn giày 2 chiếc ko giống nhau không đáng tiền,0,1
23595,độ lên màu của loại không tốt phải kẻ nhiều lần mới lên được một_ít nhưng cho_dù không có màu nó vẫn mòn nếu nóng_vội mạnh_tay chì ra màu đậm nhưng bị bết cho_dù trước khá thích sp của maybelline vì hợp túi_tiền nhưng vẫn đành phải em 1 sao,1,0
23608,hộp thiết_kế ổn nhưng chất_liệu giấy flashcard quá mỏng mực in không được đẹp hình minh_họa chưa ổn đơn_điệu một_số không hợp nghĩa của từ,1,0
23610,form giày bị móp hộp đựng bị móp trong quá_trình vận_chuyển,0,1
23611,sản_phẩm đẹp nhưng dùng sau 1 thời_gian 1 tháng bị ko ăn bếp điện nữa có_vẻ chiên_xào mùi_vị k ngon bằng chảo bt,1,0
23612,hàng made in china nên k ưng lắm,1,0
23618,hơi lên rất ít thất_vọng ghê luôn mới mua dùng đúng 2 lần song hư luôn,1,0
23623,hương thơm không được lâu,1,0
23627,đóng_gói chắc_chắn nhưng hàng có xíu lỗi bị chóc sơn trên khóa vuông,0,1
23629,quyển sách nói về thói_quen xấu cách loại_bỏ chúng dù vậy nhưng nhấn_mạnh 5 thói_quen xấu phổ_biến không đặc_biệt nên hơi nhàm_chán,1,0
23641,đốt để qua đêm_sáng thấy có gián lật bụng ko biết trùng_hợp hay_là thật_sự có công_dụng,1,0
23680,sách rất hay giao hàng rất nhanh đọc đến trang thứ 26 đã bong gáy sơ_suất quá nặng_nề tác_phẩm tâm_linh xuất_sắc,1,0
23720,từ 25inh trở lên theo nên dùng màn 219 dùng lg 24mp88hm cảm_thấy nó quá đủ tầm mắt to hơn_nữa nhìn chói lắm nếu dung 169 vì màn_hình máy_tính thường ngồi cách 80 cm đổ lại 60 cm chốt lại thiết_kế em xấu còn chất_lượng chắc ngon ,0,1
23735,hàng cty cấp_cấp xong vứt ở nhà xài con xornet đỡ mỏi tay cơ_mà vẫn thắc_mắc dong thấp nhất nhưng éo bằng con misumi giá bằng 13 ,1,0
23739,hop voi gia tiền bo rako nen doi_hoi nhju hon voi gia_do,1,0
23749,cường_lực full màn_hình nhưng phần màu đen lại nhựa dẻo,1,0
23765,vị hơi lạt,1,0
23781,đồng_hồ đẹp nhưng đeo bị dị_ứng nổi nốt ngứa,0,1
23807,theo như_vậy đóng_gói sản_phẩm rất đẹp chắc_chắn nhưng_mà lịch ngày không tự_động chạy phải tự chỉnh có phải lỗi không vậy,0,1
23817,ship hơi chậm,0,1
23834,bắt sóng quá yếu,1,0
23877,khong_xai duoc thi lam sao danh_gia tot duoc,1,0
23922,lúc 5 sao khi_khi xài bị vô nước rồi kính bị trầy,1,0
23989,gói hàng cẩn_thận giao hàng nhanh nhưng bán khách hỏi k trả_lời,0,1
23993, bàn_phím chán đúng tiền_nào_của_đấy,1,0
23998,size nhỏ hơn so mô_tả chất_liệu vải quần được vải áo ko được tốt lắm hình in trên áo đẹp con tôi rất thích hình in có_điều mặc hơi chật,1,0
23999,chưa dùng nhưg bột mịn,0,1
24001,ghét hông thích cách làm_việc của giày có bao_nhiêu tiền đi_nữa cũng phải đóng_gói một_cách cẩn_thận phải đóng hộp lại đê trong túi ni_lông khiến giay bị biến_dạng,1,0
24016,giống hình sản_phẩm giá tiền vẫn đắt,1,0
24037,trục tâm bánh_xe bị lệch k ưng_ý sản_phẩm lắm,1,0
24044,giá_cả chấp_nhận được đóng_gói sp chưa tốt thời_gian giao hàng quá lâu,1,0
24059,màu_sắc ko dc giống ảnh lắm nói_chung tiền_nào_của_đâys thôi,0,1
24066,hang tot nhung de xem_lai roi danh_gia sao,0,1
24080,những thuơng_hiệu càng tạo sốt chừng càng đuợc khách_hàng chú_ý br giá_trị từ cũng tăng lên,0,1
24085,chán luôn ý,1,0
24086,không tới nỗi cảm_động sướt_mướt khá ngắn_gọn nên chắc chưa đủ lắm đọc giải_trí cũng okie chứ ngôn_tình nói_chung không nên cuồng_si quá bản_thân thấy như_thế không tốt,0,1
24122,lần đầu mua thấy đẹp mua thêm cái sau cũng loại quần vừa rộng vừa xấu   chào tạm_biệt,1,0
24159,1 bịch 250g khá nhìu thích ăn loại như bán cọng dày ko vụn vụn như mấy chỗ khác bán nhưng mùi lại khá nhạt ko đậm_đà lắm nhưng ăn khá ok nhé m n,0,1
24197,mua của cái rồi lại ưng cái khác phải làm s,1,0
24245,chê chịu chứ tôi sài quen iphone rồi chạy mượt không bị giật oki,0,1
24261,mua em phân_vân sản_phẩm bb của ponds phải nói cực_kỳ hối_hận lựa_chọn em nó có_lẽ vì kem chống nắng nên độ che_phủ hơi thấp chai nhỏ nhưng mỗi lần xài phải bôi rất nhiều mới che bớt được tí lỗ_chân_lông vết hay quầng_thâm khỏi nói luôn mặt không mụn trắng phải nói rất ít khuyết_điểm nhưng xài sản_phẩm còn thấy chưa hài_lòng nên khuyên bạn khuyết_điểm nhiều nên tránh sản_phẩm ra tuýp kem nắp ngược nên lúc mở ra hay bị ứa kem ra ngoài dù không bóp giá_thành quá đắt sản_phẩm như,1,0
24269,em tầm 4m may còn có người mua nếu dân yêu blackberry em ko có cửa còn dân công_nghệ chắc ko chọn em thật tiếc vì blackberry đã sai làn_đường ,1,0
24279,chất_lượng cam chỉ so_sánh được huyền_thoại cách nửa thập_kỷ nokia n73 ,1,0
24310,nên quán_triệt lại tư_tưởng từ quy_hoạch xây_dựng đến việc phát_triển bền_vững pos môi_sinh gìn_giữ văn_hóa cốt_lõi của thủ_đô vì hà_nội thủ_đô bộ_mặt của cả nước pos,1,0
24311,tôi dùng con dell xps 14z core i7 ram 8gb vga 2g máy không vấn_đề nhưng mấy cái cao_su viền màn_hình lởm quá dùng khoảng 4 năm mấy cái su bị thoái_hóa cứ mục đứt nên nhìn cái viền màn_hình như cóc gặm ,1,0
24329,voucher như mô_tả hài_lòng,0,1
24330,voi giá tien thi củng đc nhung da bị loi 1chuc,0,1
24348,sản_phẩm phù_hợp hiện_trạng da của tôi cải_thiện tình_trạng mụn dầu,1,0
24361,clay cực_kỳ oke v khó_chịu tý dùng tóc khô quá vì dòng clay nên vậy đành chịu v,1,0
24429,màu hơi sến,1,0
24455,phục_vụ rất tốt có_điều chất_liệu không giống như như hình,0,1
24475,chất_lượng sản_phẩm rất tệkhông đáng tiền,1,0
24496,gói sản_phẩm kỹ_lưỡng có cả chống sốc,0,1
24508,hang đjep,0,1
24575,loa nge to rè lắm ad,1,0
24585,bảo hỗn_hợp nhưng toàn caramen kẹo dâu chắc được tầm chục cái,1,0
24687,bỉn có mùi hơi hắc phục_vụ nhiệt_tình,1,0
24698,sao nhãn dán ngoài loan b bong tróc không biêt có phãi hàng thãt hay giã,1,0
24703,chuẩn hàng lắm mn ạhh lên tone nhiều ko hề lộ vân cả nên đố biếttt ko dính quần_áo xịt lên quần_áo đen cũg k dính,0,1
24796,nâng_cấp lên giá vẫn rẻ obi phân_khúc trùm rồi d,0,1
24798,kh dung_duoc iphone kh dung_duoc sam_sung mua ve de nhin thui ak,1,0
24835,đóng_gói đẹp nhưng pin ko bền nạp sạc dự_phòng cả đêm mới đầy sạc chỉ dc 1 lần hết ,0,1
24857,bàn_phím chán đúng tiền_nào_của_đấy,1,0
24866,thời_gian giao hàng rất nhanh những sản_phẩm rất ọk tuy_nhiên giấy đa_năng ngoài bìa có in rõ 300 tờ đếm chưa được 200 tờ lỗi do hay nhà_sản_xuất vậy,0,1
24867,mẫu_mã ok mới ghim điện text thử thấy xì khói chổ típ điện giửa bếp dây_nguồn nút chỉnh nhiệt_độ quá lỏng_lẻo nướng lâu chắc_chắn phần nhựa chổ típ điện sẽ bị biến_dạng,1,0
24869,sản_phẩm bình_thường tiền_nào_của_đó đặt 1 đằng đưa 1 kiểu,1,0
24887,ghế bom hoi mỏng qua nhanh hong,1,0
24905,chất son không thích lắm thêm mùi nhựa hơi nồng nên cũng k hứng_thú xài,1,0
24911,sản_phẩm như hình chỉ dành mấy em bé 12t,0,1
24923,bông mềm hơn nhưng cũng mỏng hơn đợt trước dùng,0,1
24924,mới nhận hàng dc 1 ngày hnay mới sử_dụng bật lên chỉ sáng đèn không phun sươngmong hỗ_trợ,1,0
24943,lần sau đừng đội_giá rùi ghi km nhé  hàng chấp_nhận dc,1,0
24946,chưa bao_giơ mong em ra nhanh như luc nay đê 4 5 xuông gia hot em vê đông phong chơi đơi moi cô qua,0,1
24972,son cực rít môi hối_hận,1,0
25006,chẳng làm mất được hết đúng tiền_nào_của_nấy,1,0
25055,san_phâm cung size vơi loai khac nhưng kich_thươc nho hơn mêm nhưng thâm hut không tôt lăm,1,0
25065,từ 2% lên 100% trong 2 tiếng 15p 6splus sạc 200k mua đc giá 126k sạc 10w phê vl chắc bỏ củ hàn để dùng sạc mất tiện_lợi vđ phục_vụ rất tốt,0,1
25077,sản_phẩm k đúng giao hàng sinh k thấy hàng khuyến_mại nhé đã nói,0,1
25082,tieng nge nho_xiu ko tot,0,1
25089, còn vans bình_thường 36 hoặc 37 đều ok nhưng nay lấy 36 rộng quá giày ok nhưng hơi bẩn còn có cả vạch bút dạ nên không làm sạch được,1,0
25100,đế giày bị nem màu chất_lượng sản_phẩm tạm được,0,1
25104,đóng_góp hơi lỗi 1_tí,1,0
25125,xài redmi3 nè nhôm nguyên khối chỉ kém phần 3d hơi thấp,1,0
25131,chất son lìít dưỡng những ko gây khô môi,0,1
25142,nước_giặt mùi thơm,0,1
25152,son màu cam đẹp hợp da ngăm da vàng son mượt không bột không khô môi,0,1
25175,sp tam_duoc nhung may bi ken vai thoi_gian co hag hoi_cham,0,1
25182,co mêm,0,1
25201,xin chức_mừng chúc hai em thành_công trong kỳ thi đại_học sắp tới,1,0
25214,nói s6 s 6 egde xanh lục_bảo người châu_á rất chuộng,0,1
25242,quạt ko tốt mới nhận hàng quạt ok lắm nhưng qua hôm sau ko quạt đc nữa,1,0
25298,khó mở nắp đóng_gói sản_phẩm rất đẹp chắc_chắn,0,1
25360,phục_vụ rất tốtnhưng sữa rửa_mặt có mui như hôi thật khó_chịu,0,1
25365,se hoi nho,0,1
25370,tui không có điều_kiện hoàn_cảnh nên tui ngại dùng iphone ghét cái iphone  ,1,0
25377,hàng đẹp vận_chuyển chậm rất chậm,0,1
25397,tiền_nào_của_ý,0,1
25412,màu cảm_giác hơi ngả đỏ vàng cơ_mà đc cái sắc nét nói_chung đẹp,0,1
25416,hàng bị vỡ 1_chút nhưng vẫn dùng được thời_gian đợi lâu qias,1,0
25436,chất_liệu ko thấm dc mồ_hôi măk ko thích chút,1,0
25438,mẫu ở ngoài ko giống h a lắmmàu ngoài đậm quá,1,0
25453,tôi hiện_nay chưa làm đường_sắt cao_tốc đúng cần tập_trung đầu_tư những lĩnh_vực nhằm nâng cao đời_sống của nhân_dân như điện nước làm cầu vùng_sâu vùng_núi hợp_lý hơn,1,0
25460,dung tien nao cua nay,1,0
25475, tại thoa nhiều sợ kích_ứng nhẹ sử_dụng cũng ổn nên thoa ít thôi,1,0
25496,sách rất hay giao hàng rất nhanh đọc đến trang thứ 26 đã bong gáy sơ_suất quá nặng_nề tác_phẩm tâm_linh xuất_sắc,1,0
25499,đế vừa rộng quai quá nên mang tuột luốt sản_phẩm y_hình đế êm chân,1,0
25509,nói thật thấy iphone vẫn trên cơ,1,0
25538,mua ở nhà người ta bán 20k ốp,1,0
25543,không thấy case silicon tặng kèm,0,1
25557,kg thom j cả it ra phải thom it cung dk,1,0
25589,đóng_gói chắc_chắn nhưng dầu_gội gội rất bí tóc ko mượt xem_lại chất_lượng sp,0,1
25598,buu_kien_hop thi bung bet nhu co nguoi cay ra dan lai chat_luong chua noi hinh thuc dong goi kemchan,1,0
25623,không ưng lắm bởi_vì không chọn được màu t thích ,1,0
25626,bền đẹp cc mới mua test bình_thường xài đc hơn 3h liệt chuột phải ngoại_hình dơ_bẩn dính đầy đất mồ_hôi tay đã lau sạch khuyên bạn định mua nên thôi mua cái mới chắc,1,0
25651,k đc xem hànng nên chưa biết ntn,1,0
25676,giao hàng đúng hẹn 3,0,1
25691, ý_tưởng của bạn rất hay nhưng vì xã_hội bị nhầm_tưởng về vấn_đề đa_cấp,1,0
25711,chứ không phải ios ngày_càng nặng_nề nên phải tăng ram gấp để chạy hửnếu màn 2k chắc pin đã yếu nay còn yếu hơn_nữa nhỉ,1,0
25719,be nha minh 17 5kg nhug mac ngan qua vai phu_hop gia 50k thoi,0,1
25738,hàng giống hìnhchưa sử_dụng nên cũng chưa biết chất_lượng thế_nào gói hàng cẩn_thận nhưng tờ hướng_dẫn sử_dụng bằng tiếng nhật nên không biết nấu thế_nào,0,1
25775,mới cắm điện sử_dụng lần đầu_tiên máy bốc khói mù_mịt đã gọi hotline nhân_viên nói sẽ đến lấy máy trong vài ngày nữa sẽ update service của tiki để bạn biết nhé,1,0
25791,hàng để nhiều hình giao mỗi 1 hình mua cả 20 cuốn đều cùng 1 chữ chán khủng_khiếp đáng_lí phải tin mấy đánh_giá của ng mua trc,1,0
25799,hag tam dc hag bi lem keo nhieu wa mjnh co luu_y nho kt truoc ma nhan hag kt thay lem keo rat nhieu lan sau luu_y chat_luong de kh hag yen tam,1,0
25805,đẹp nhưng dễ nước quá rửa nhẹ qua nc đã rồi chết ngay sau 3h ko dùng dc luôn,0,1
25831,làm_ăn tử_tế liên_lạc khách thường_xuyên để hỗ_trợ pin tốt hơn so loại không nhãn_hiệu trên thị_trường dùng tầm 1 5 đến 2h pin chưa thực_sự vừa khít laptop nhưng chất_lượng chấp_nhận được,0,1
25850,chất_lượng sản_phẩm cũng đc bị xướt vài nút đèn led rất ok mở hộp ra rơi 4 cái ốc nhưng dùng cũng đc lắm,0,1
25852,cáp sạc đẹp dùng được cốc sạc dùng được nhưng bị nhanh bị nóng,0,1
25862,con 9kg đặt size 4 1213kg để trừ_hao ai_ngờ quần lại bé xíu bé mặc vừa nhưng chắc sang thág chậc thôi dù_sao vải cũng ok nè tiền_nào_của_đó,0,1
25912,hàng chấp_nhận dc lần sau đừng đội_giá rùi ghi km nhé,1,0
25917,phich cắm 3 chấu ve k su_dung dc lien phai mua them phich cam hop ban them phich cam thich hop do mất_công,0,1
25944,hàng nguyên seal nhưng phát_hiện bị móp viền gọi tiki để hỗ_trợ như quy_trình dài_dòng để đổi lại được sản_phẩm mới hoàn tiền cảm_thấy mất thời_gian lôi_thôi nên đành sử_dụng luôn,1,0
25956,đưa thiếu đồ_đồ cũng được nhưng tính tổng tiền rồi nhưng trong hộp đồ thiếu món,1,0
25972,nhìn rất độc_đáo lạ,0,1
25980,hàng như hình đẹp nhưng form giày nhỏ quá mang chật đã lên 1 size r vẫn chật nhé,0,1
25981,hàng chắc_chắn may giao tới 6c k cái bị vỡ gương,0,1
25986,thời_gian giao hàng rất nhanh rất không đáng tiềndùng mấy hôm lại hỏng nhếch,1,0
25987,giày đẹp kinh_khủng_khiếp,0,1
26001,ủa sao đơn hang co 498k ma shiper thu 598 k vay e nhờ mẹ e lay dùmhn mới nhớ coi lại giá thấy có 498k,0,1
26003,đóng_gói sản_phẩm bị mở trước nhận chạy sai nói_chung chưa được hài_lòng,0,1
26006,son mau đo hông,0,1
26027,đóng_gói sp rất đẹp giao hàng nhanh nhưng sạc ko sử_dụng được cắm sạc pin sạc vào_điện nhưng pin ko sạc điện_thoại được chờ giải_quyết,0,1
26046,de tag 6 mieg nhug chi la lua dao khach hag ma thoi,1,0
26060,thời_gian đầu lúc nhận sản_phẩm kiểm_tra rất kỹ chân_đế sản_phẩm có biểu_hiện bị trầy rất nhiều ở khớp nối trục cố_định màn_hình tuy_nhiên tôi đã suy_nghĩ có_thể chất_liệu nó như_thế hoặc sp phải được kiểm_duyệt trước ra bán nên sẽ phải test tháo_lắp nhiều lần tin_tưởng tiki phần còn lại ok tôi tự_tin sử_dụng không cần đổi_trả nhưng sau gần 30 ngày sử_dụng sản_phẩm có hiện_tượng bung keo mép màn_hình bị hở sáng ngay chỗ keo bị bung tôi đã liên_hệ một_số chỗ bán hàngthi được báo sp mua hàng trưng_bày nên nó mới như_vậy thiết_nghĩ không biết có đúng như_vậy không nếu thật tiki nên xem_lại hàng_hóa của tuy rẻ hơn bên ngoài chỉ 2300k nhưng tôi vẫn người bỏ tiền để mong nhận được sản_phẩm đúng chất_lượng chứ không phải hàng trưng_bày bị lỗi nếu vậy tôi thà chấp_nhận bỏ cao hơn một_chút để nhận được sp ưng_ý nhưng vì đã mua khá nhiều hàng trên tiki rồi nên cũng khá tin_tưởng lần thất_vọng thật_sự,1,0
26106,hạt đậu ăn giống đậu_hà_lan mù_tạt hơn vị quen_thuộc hơn 5,0,1
26112,đóng_gói sp kĩ chơi ko rách,0,1
26115,băng_dính nặng cầm sắp nổi luôn chuột ở tay,0,1
26241,máy dùng tốt máy màn_hình đẹp nhưng pin không đủ đáp_ứng nhu_cầu của chơi liên_quân 15 phút hết khoảng 7% pin,0,1
26266,quá thông_minh 1 like to samsung,0,1
26267,xài gần 2 tuần chưa thấy có vấn_đề hàng giao đúng yêu_cầu của,0,1
26277,mua cùng tinh_dầu bạc_hà tinh_dầu bạc_hà thơm lắm mùi từ_nhiên nhưng còn tinh_dầu xả không thấy thơm mùi sả mùi hơi khó_chịu không thoải_mái dễ_chịu như mùi bạc_hà,1,0
26281,vì đẹp cứ mua về bị mọi ng xin mất đặt rồi hôm_nay lại đặt đã mọi ng đc vì nếu ko m thành con_nợ,0,1
26301,tack s mycket,0,1
26359,hoi xua 8x 14 trieu mua không nói sau xuong 45t mua 2 cái xai_toi nay chi hu pin thoi nghe phon rat hay tôi rất thích chiếc điện_thoại htc   ,1,0
26376,trớt quớt luôn á đẹp chất_lượng quá tệ,1,0
26380,giao hàng nhanh sản_phẩm ko được tốt như mong_đợi,0,1
26381, vì_vậy vali tạm ổn giá tuy_nhiên rõ_ràng ghi tặng bình nc k có,1,0
26394,vừa nhận bỉm bóc xem thử rất thick bỉm mềm ko khác j moony mà_lại rẻ hơn nhiều ahihi,0,1
26432,đóng_gói sản_phẩm rất đẹp chắc_chắn nhưng sau xịt lỡ gãi 1 cái thấy nguyên đường không đều màu với_lại đọng mấy đốm trắng_trắng ở lỗ chân_lông nhìn rất không tự_nhiên chỉ định mua xài thử thôi với_lại tiền_nào_của_đó giá như v cũng không đòi_hỏi cao được,0,1
26439,dặn lấy áo màu đỏ rồi giao khác màu k được vui lắm nhưng giao hàng nhanh,0,1
26465,mua 1 lần mầm đậu_nành rồi lần mua tinh viên tinh_nghệ mật_ong yêu ghê,0,1
26468,dép cứng lắm,1,0
26518,đóng_gói sản_phẩm sơ_sài thời_gian giao hàng chậm hi_vọng sẽ cải_thiện hơn chất_lượng sản_phẩm tốt,0,1
26540,date dài,0,1
26564,tủ nhựa ko có hướng_dẫn cụ_thể ko khoa_học khó lắp_ráp nv giao hàng tiki ok đúng,0,1
26596,hàng đẹp nhưng size kích_cỡbáo cân nặng lên hẳn 3kg mặc quần_áo vẫn bị chật,0,1
26624,có điều_kiện nên mua oled lg nhé giá rẻ 170tr thôinhững con tivi led lcd vớ_vẩn làm được tích_sự,1,0
26671,10 điểm,0,1
26698,rất tâm_lý còn gọi trước khách_hàng để nói về sản_phẩm cuộc_gọi xác_nhận nhưng thể_hiện sự quan_tâm tới sản_phẩm khách_hàng nên phát_huy,0,1
26714,cần lưu_ý dep dung mo ta phai thay oc khac lan sau oc dai them23cm la ok ma oc gan xe novo6 hoi ngan,1,0
26721,gửi thiếu nhưng vẫn sh 5,1,0
26729,set 3 cây giao có 1 cây,0,1
26747,đã nhận đc hàng nhưng chưa dùng thử ah mua 2 lần 1 lần kit ghi tiếng anh lần của toàn tiếng hàn k bít sao hi dùng thử xem sao ab,0,1
26761,san_phẩm được đóng_gói xấu quá,1,0
26778,toi chua su_dung dc vi ko the vao cai dai totolink yeu cau_ho san_pham,0,1
26826,vận_chuyển lâu ghê,1,0
26845,tạm thôi,0,1
26847,hàng ok giao nhanh nhưng nhà vận_chuyển làm rách mất cả 2 lưới tắm của rách 1 mảng nhỏ vẫn dùng được nhưng nhìn mất thẩm_mỹ thôi,0,1
26913,mua lần 2 phải nói quá_ưng ngặt cái sài hao vs chỉ mượt tóc thui còn mọc tóc chưa td lắm vs,0,1
26929,giao hàng nhanh cực_kỳ nhanh mấy tiếng sau đã có hàngkem k có lớp màng dán miệng như hàng mới kem k giúp sáng da tức_thì như quảng_cáo được tư_vấn loại serum nhưng chất kem như sữa dương thể loại khác bình_thường hay dùng chạm da thấy rít kem nhưng k gây cảm_giác k thoải_mái,1,0
26933,gian phơi rât yêu không đưng vưng rât đê_nga,1,0
26951,ăn ngon lém mỗi_tội hạt macca ko cái đồ tách vỏ tt,0,1
26952,nấm để đã lâu rùi nên có cả con gián ở trong,1,0
26953,son mau đo hông,0,1
26960,lỗi do winphone ít phần_mềm nghịch_ngợm vui_vẻ nhìn sang androi ios vẫn thấy gato về pokemon_go bigo live azar,1,0
27004,nếu có 4 triệu sẽ mua obi mv1 con giá đúng_ra chỉ có 31 triệu thôi bạn cũng mới mua 1 con tuần trước khá đẹp,1,0
27020,nhìn que chọc sim thấy chán,1,0
27024,không đẹp như hình nhưng giá rẻ chấp_nhận,0,1
27046,cái cạnh chỗ hai bên cánh con dơi vẫn bén quá oi lấy giấy_giáp oánh được ko,0,1
27047,lần sao nhớ đóng_gói hàng đúng như lúc khách order nhé,1,0
27061,dặn màu xám giao màu hồng nhưng k sao vẫn tốt,0,1
27066,cứ nghĩ sẽ có 5 mẫu nhưng chỉ có hai mẫu 5 cái   ,1,0
27123,giầy của mang lên from chuẩn lắm nha,0,1
27135,thấy review tốt nên mua đọc thấy k đc như mong_đợi,1,0
27140,nhưng bảo giày form nhỏ mua tăng thêm 1 size nhưng về mang hơi rộng,1,0
27159,spa chất_lượng nhân_viên đáng yêu,0,1
27212,lạp_xưởng quá ngọt người miền nam ăn vẫn thấy ngọt lắm,1,0
27247,có chút thắc_mắc sao dùng phần_mềm gõ code trên spham nó lại không hiển_thị sản_phẩm giao hàng nhanh,1,0
27320,tôi đồng_ý ý_kiến của ông nguyễn_đức_kiên,1,0
27324,sản_phẩm như hình phần keo khá yếu sợ nh dễ bung keo nói_chung cũng đc,0,1
27331,hộp méo_mó nhung máy ko saochua sd ko biet the nao,0,1
27344,dã dược doi sản_phẩm khác dùng ok  nhân_viên bán hàng nhiệt_tình,1,0
27388,6s đỉnh nhất rồi ,0,1
27409,vừa_ý về sp,0,1
27414,san_pham o nhu mong_doi,0,1
27428,sp may lỗi quá không cũng tạm dk,1,0
27467,đã nhận đc sp chia_sẻ cảm_nhận về sp,0,1
27471,đồng_hồ bị sao á k đổi đc,0,1
27474,tai ghe chỉ nghe được bênmp3 sạc cả ngày k đc,1,0
27487,đã sau lại còn đón_đầu   chịu chả hỉu nổi,1,0
27497,máy tốt nhưng giao máy_hơi cũ,1,0
27513,mẫu mới hả màu vỏ hơi đậm,0,1
27516, theu_hang,1,0
27589,đéo chất_lượng tý,1,0
27601,theo như_vậy so giá đã giảm giá vậy ổn không quá đắt nhưng thực_sự chưa rẻ đã giảm gần 50% tuy_nhiên thiết_kế màu xanh đậm nhìn rất thiên_nhiên tiki gói hàng kĩ nhưng serum vẫn thoát ra mùi trà rất thơm điều làm tin chất_lượng sản_phẩm nhất dùng thêm loại mặt_nạ tự làm mùi hương dễ_chịu diệt khuẩn hơn mỗi lần dùng hay bị tràn ra miệng chai phải lấy cẩn_thận mới tiết_kiệm được ấn_tượng đầu_tiên chai 10ml nên rất nhỏ,1,0
27616,sản_phẩm hoàn_hảo để đầu giường xem phim,0,1
27650,sản_phẩm không hài_lòng lắm vân chuyển nhanh giao hàng vui_vẻ,1,0
27682,tôi rất vừa_ý muôn đặt thêm 1 đôi size 40 nữa,0,1
27719,thích bán hàng khách xem hàng,0,1
27725,bút spen nhạy tới mức có_thể nhận lệnh từ cách màn_hình từ vài mm còn bút apple phải sạc mới xài được to_lớn nặng_nề phải mua riêng giá bằng 1 cái điện_thoại giá tốt,0,1
27758,chưa bỏ vô tủ_lạnh nhưng đắp lên vẫn mát như thường,0,1
27763,hàg fucking mother,1,0
27779,thời_gian giao hàng rất nhanh rất không đáng tiềndùng mấy hôm lại hỏng nhếch,1,0
27798,toàn ba cái ứng_dung mang từ đt sang mua thêm cái làm khỉ,1,0
27801,neu dung la nhu vay thi qua la vi dieu,0,1
27846,nếu muốn được thông_qua kiểm_tra chất_lượng không đơn_giản chút vì tiêu_chuẩn về kỹ_thuật phải đạt đúng yêu_cầu của hệ_thống máy kiểm_tra đã được cài_đặt sẵn đúng thông_số kỹ_thuật của mỗi hãng xe đời xe,1,0
27881,lịch hơi bẩn ạ,1,0
27898,không có tem bảo_hành gọi điện tiki nói sẽ bảo_hành bằng đơn hàng phải giữ lại đơn hàn sản_phẩm xài tạm dc chưa ưng lắm,1,0
27925,chỉnh mỏi tay luôn ấy chứcứ như xài máy chụp hình thứ_thiệt vậy rất pro có cả cảm_biến ảnh lumix danh_tiếng của dòng panasonic nữa màu đồng hơi_bị đẹp nha nếu bạn chụp ảnh yếu_tố tiên_quyết ko nên bỏ_qua con nghe nhìn đều hay tuy_nhiên em nó dừng lại ở jelly_bean 4 1 thôi ko nâng_cấp được nữa vì panasonic ko còn hỗ_trợ tuy_vậy cứ yên_tâm sử_dụng vì vẫn còn linh_kiện để thay_thế sửa_chữa qua nhật nhé ,0,1
27933,nhìn dễ_thương nhưng tưởng nó lớn dè nhỏ thái_độ phục_vụ của chị nghe đt k tốt,0,1
27972,mmăt kinh trong kha cưng cap,0,1
27981,đã nhận đc hàng mới dùng 1 lần hy_vọng máy ko hỏng_hóc,0,1
28003,nên nghỉ bán vừa gian_manh vừa thôi,1,0
28027,chuôt nhanh hêt pin,0,1
28074,san phâm dung ko dc ung y lam,1,0
28087,bản_quyền 365 ngày kích_hoạt chỉ có 350 ngày nên đặt ko biết có bị khóa không nữa nên sem lại,1,0
28099,2 lọ còn nguyên tem riêng lọ kem nền 30ml đã bị mở chẳng_nhẽ trả lại làm_ăn thiếu uy_tín,1,0
28104,đã test thử đúng viết của thuong hiệu frixion dùng,0,1
28119,những máy kiểu em thích lắp lens fixprime 35mm nó đã thiết_kế để gọn_nhẹ phải lắp cái lens nhỏ chứ lắp lens to khác_gì con sò kẹp quả chuối to kinh bỏ m,1,0
28141,giá cạnh_tranh kiểu giá say goodbye 4ever rồi chắc_chắn đã vậy anh gear s2 chình_ình ra giá chi 5 đến 7 triệu thiết kệ nổi_bật tính_năng đảm_bảo chỉ có ngang hoặc hơn chứ không thua vì_vậy thua vè cả chất lẫn giá_cả tầm giá mido tissot movado sang_trọng lich_lãm vật_liệu phải gọi nồi_đồng_cối_đá,1,0
28147,nho chua_chua ko ngọt gắt to ngon,1,0
28152,chưa dùng nên chưa bít tnao,0,1
28153,ra con zen 3 asus ảo_tưởng về giá,1,0
28158,chai của hơi bị đổ 1chút đóng_gói sản_phẩm chắc_chắn,1,0
28170,99k có_thể chấp_nhận đc nhưng bỏ ra 599k nhận đc sản_phẩm chắc phát_điên mất,0,1
28179,thơm nhẹ nhanh bay mùi xí,0,1
28198,dầu óc_chó như cũ_rích k biết có phải hàng chuẩn k nữa,1,0
28211,chưa bao_giờ thất_vọng về quần_áo bên cả hàng rẻ_đẹp,0,1
28217,nhìn rất ngon nhưng pha uống có sạn đất lắng suống đáy cốc khâu rửa nghệ chưa sạch vệ_sinh chưa sạch_sẽ,1,0
28228,nhân_viên ship đòi thêm tiền,1,0
28305, trước sau dùng thấy cũng không khác nhau cả dùng được 2 3 lần mụn li_ti đầy trên trán mụn đỏ ở 2 bên má cấp ẩm cực_kì tệ dùng loại đất_sét của vedette rất thích nên nghĩ loại cũng tốt nên mua hẳn hũ to,1,0
28315,bàn_phím vuốt học_hỏi từ samsung ok hết nhé chưa xài bb full cảm_ứng nên ko rõ nhưng q10 xài rồi quả_thật chẳng làm được j nhiều ngoài nghe_gọi lướt web dùng trình_duyệt của bb vẫn bị đơ ,1,0
28330,chưa thấy hiệu_quả j cả  ,0,1
28331,moi mua ve chua kip xem hang dep hay khong bị rot mat nen ko biet danh_gia sao,0,1
28334,son mau đo hông,0,1
28344,nhất_là nguyên_tắc mọi hành_vi vi_phạm hành_chính phải được phát_hiện xử_lý ngay đồng_thời cũng phải chú_ý về thời_hạn xử_lý vi_phạm hành_chính,0,1
28345,mua hang co ma giam gia la khoa tk,1,0
28347,ngon như gói bé quá mua ở sài_gòn gói to gấp đôi chỉ có 80k thôi,1,0
28359,trên cả mong_đợi,0,1
28361,tôi sử_dụng sản_phẩm 2 lần đáy nồi bị tróc lớp chống dính mặc_dù đã rất cẩn_thận rửa nồi nút thời_gian cũng có vấn_đề tôi chỉnh nấu 15 phút sau tập_thể_dục nhưng 30 phút quay về nồi vẫn nấu,1,0
28380,69k quá rẻ cuộc tình,0,1
28427,dùng 2 con blackberry tình_hình quay về dùng cục gạch nokia cũ ,1,0
28432,dùng cũng được không giống hình không có chữ samsung,0,1
28458,hơi xước mặt,0,1
28490,thời_gian giao hàng rất nhanh rất không đáng tiềndùng mấy hôm lại hỏng nhếch,1,0
28495,trước_đây có ý_kiến tham_nhũng cũng như đám mây đen trông rất gần nhưng đến gần lại chẳng thấy,1,0
28583, thật_sự chất giấy hơi mỏng nhưng thấm dầu tốt,1,0
28603,mặt trước y_chang samsung cực ghét chữ mi ở mặt trước nếu giấu ra phía sau nhìn đỡ hẳn mác tàu có đẹp_đẽ khoe như dòng redmi_note phía trước sạch_sẽ ổn ,1,0
28634,mới dùng chưa thấy vấn_đề gi,0,1
28660,ram máy_tính của chỉ có 4gb điện_thoại ngày_càng khỏe ,0,1
28688,ios thật ổn_định cứ ra bản mới thì_phải có vài lỗi để người dùng trải_nghiệm ,0,1
28704,rất chán,1,0
28745,giao hàng quá lâu chủ nhiệt_tình,1,0
28746,dùng cá_nhân 100ea nhiều quá,0,1
28828,thực_sự nói nhận được chiếc đồng_hồ trước tôi bóc gói hàng từ bạn chuyển_phát nhanh tôi đã có suy_nghĩ vs số tiền bỏ ra chắc_chắn nó không khác_gì hàng_chợ nhưng tôi đã sai từ cách đóng_gói hàng đến giấy niêm_yết tem bảo_hành xuất_xứ của em nó tôi cực_kỳ hài_lòng ,0,1
28835,chủ_yếu dùng tối trc ngủ để dưỡng môi mềm vì môi hay đánh son lì hễ k dưỡng tối hôm trước lúc thoa son sẽ bong da_chết k ăn son sp có tác_dụng làm hồng môi kha_khá nhưng cũg chưa rõ_rệt lắm vì lúc thoa hồng nhưng bôi hết r tác_dụng làm ẩm hơi thua vaseline 1tý,1,0
28840,đo nhip tim thi vao phân mêm vidonn chuyên sang chê đô sport mode đo chuân lămhôm_qua minh đo kha chinh_xac,0,1
28847,đt đc 2ngày đã hỏng,1,0
28861,kết_quả tổng_hợp tội_danh anh ta bị xử_phạt thật nặng nghiêm_khắc mấy vạn tiền đài,1,0
28868,nick shopee đăng 2 chi_nhánh tới cn gò_vấp quản_lí nói chỉ áp_dụng cn tân_phú,1,0
28929,son mau đo hông,0,1
28950,kg biết nói hơn,1,0
28951,bỉm date mới nhưng chủ k nhiệt_tình,1,0
28978,chưa lột sạch hẳn,0,1
28982,đóng_gói sản_phẩm rất đẹp chắc_chắn khong thay hoa_don,0,1
28990,chọn giày màu đen sao ra giày màu xám   ko đúng hình_ảnh  chất_lượng giày ok ,0,1
29020,bánh mềm nhưng quá ngọt ăn k khác_gì bánh bông lan nhưng quá ngọt được,1,0
29026,hướng_dẫn lại cách cài_đặt kh tìm đc mã kích_hoạt bằng smart_phone,0,1
29122,cô bô lam qua dai vê phai chê lai mơi chay dc,1,0
29209,nói còn nguyên siu nhưng thây siu đã bị bóc rôi vô sắc bin máy nóng chức_năng khác ok còn sắc hơi nóng lên,1,0
29213,máy_xay êm tuy_nhiên xay chút lại có mùi muốn khét không dám xay nữa sợ cháy máy lun,1,0
29223,chất_liệu giầy nhanh bong lắm ạ,1,0
29296,nhanh_dão quá,1,0
29304,shopeehaul giày vải nhung hoạ_tiết in giá đôi giày quá hợp_lí,0,1
29323,ship khá nhanh sp thấm nhanh lên tone nhẹ tuy_nhiên mau khô nên vừa bôi lên mặt tán liền k rất khó tán có_thể do da hh thiên khô nên mới có hiện_tượng như_vậy,1,0
29361,thấy tầm tiền chỉ hơn 150k con xiaomi repeater không có đối_thủmình đã test nó 1 con buffalo 3 râu nhưng không hề thua_kém nó cũng 1 loại repeater thông_minh kết_nối điện_thoại nên có nhiều cài hay nữa bạn có_thể xem thêm ở hướng_dẫn sử_dụng cài_đặt,0,1
29368,sữa bụi bám lon rất nhiều,1,0
29423,hoàn_toàn chưa nhận được đơn hàng sao có_thể đánh_giá dc,1,0
29425,may o lam đuoc,1,0
29426,gửi nhầm đơn kính_cường_lực rõ_ràng em đặt kinh cường_lực gửi em cái ốp 5,1,0
29452,thời_gian giao hàng rất nhanh không có túi ốc_vít,1,0
29453,lon cũng bị mốp vỏ hết,0,1
29483,giao hàng nhanh sản_phẩm ko được tốt như mong_đợi,0,1
29511,nhờ nhận dùm vắng chưa biết sao,0,1
29517,giao sau mẫu,1,0
29521,case i hình case nhựa bọc kim_loại chứ ko phải khay toàn kim_loại đóng_gói sản_phẩm rất đẹp chắc_chắn,0,1
29557,sách không đc mới lm,1,0
29604,chất_lượng ok tuy_nhiên sz ko chuẩn lắm bé hơn so cân nặng đặt bộ bé gái giao bộ của bé trai đề_nghị lần sau check lại đơn đặt_hàng trc giao,0,1
29618,đồng_hồ đẹp nhưng sao không có cái vòng_tay vậy,0,1
29635,nó 2 đầu hdmi luôn tui lở mua rồi không biết làm luôn,1,0
29640,trên 150k đc giảm phí k thấy giảm,0,1
29668,san_pham wa_te duong may chua dug da_so chi,0,1
29681,tất to rộng,0,1
29722,sản_phẩm đáng 0 sao,1,0
29732,không bằng pin rin nhưng vẫn sài tốt so tầm giá cảm_ơn,0,1
29762,dùng loại đất_sét của vedette rất thích nên nghĩ loại cũng tốt nên mua hẳn hũ to dùng được 2 3 lần mụn li_ti đầy trên trán mụn đỏ ở 2 bên má trước sau dùng thấy cũng không khác nhau cả cấp ẩm cực_kì tệ,1,0
29772,uống dỡ quá đắng lợn_cợn rất khó uống có nhiều chỗ bán tinh_bột nghệ uống ngon hơn loại nhiều đừng mua tinh_bột nghệ hiệu khó uống lắm nha cả nhà ơi,1,0
29779,sóng hơi yếu không khỏe,0,1
29797,đẹp nhưng form nhỏ quá size 38 như 36 chắc dán nhầm số size,0,1
29822,nhu trong hình,0,1
29825,chất_lượng phù_hợp giá_cả màu cam in bị lem ko biết màu nhuộm có hại da ko,1,0
29872,dat hag da nhan hag k co cuog luc lam an kj v,1,0
29910,chân 36 lấy sz 35 vẫn thoải_mái phom to,0,1
29924,lúc mua có note gọi trc giao 15   nhưng tới mới gọiko có nhận hẹn qa ngày_mai ship ko chịuphải qành về nhận hàng   hàng okie,0,1
29926,đã mấy năm nay chả mang camera của ip ra so note cả vì note đã vượt xa ip rồi ,0,1
29962,rất tiếc kh có 0 sao,1,0
29965,cái em sam ngốn ram khiếpfree400mb 1 lần mua e tởn tới già luôn huhu,1,0
29989,giá say goodbye 4ever rồi giá cạnh_tranh kiểu thua vè cả chất lẫn giá_cả tầm_giá mido tissot movado sang_trọng lich_lãm vật_liệu phải gọi nồi_đồng_cối_đá đã vậy anh gear s2 chình_ình ra giá chi 5 đến 7 triệu thiết kệ nổi_bật tính_năng đảm_bảo chỉ có ngang hoặc hơn chứ không thua,1,0
29999,em giá_như bên đài đỡ lăng tăng   về vn giá đội lên kinh_khủng    thiên_đường có khác   ,1,0
30012,huhu mất cái mặt táo rồi,0,1
30055, ngon như gói bé quá mua ở sài_gòn gói to gấp đôi chỉ có 80k thôi,1,0
30061,đúng danh_bất_hư_truyền  ,0,1
30067,em mong chị không reply lại đánh_giá cải_thiện sản_phẩm đúng cái khách_hàng muốn mua nhé,1,0
30083,check code trên đt k ra phải check trên mt mới đc có hiện hsd nhé tuy_nhiên màu son cực_kỳ nhạt yêu_cầu quảng_cáo đăng hình cần nói rõ ng mua biết tránh hiểu lầm vì màu son lên chắc_chắn k chuẩn đc như hình có_thể do hàng 1 tem or auth nên khác tự rút kn vậy buồn,1,0
30101,đắt,1,0
30153,hay bị lệch kim k có vạch lạng nên k dùng được trẻ sơ_sinh mua nhầm,1,0
30196,không đẹp 9tr mua đồng_hồ nhật hay tissot đeo vẫn sướng hơn,1,0
30330,giày trấts quá,0,1
30370,đúng như hình_ảnh trên web,0,1
30371,mua lâu rồi nay mới viết review son lúc nhận không được đẹp lắm vì son bên trong bị bám thành nên cây son đã không còn nguyên_vẹn thật buồn,1,0
30407,chẳng có j thích đèn k sáng,1,0
30436,sản_phẩm tươi chu_đáo trả_lời khách,0,1
30450,cưng lắm ơi,0,1
30472,dùng 1 thời_gian bị lỗi đèn cpu nháy liên_tục vẫn có tín_hiệu toàn báo chấm_than đangphải yêu_cầu đổi_trả chưa biết như_thế_nào hơi buồn chút vi mua nhiều rồi có cái bị lỗi,1,0
30475,hết ý_tưởng,1,0
30541,gkkzk,1,0
30571,70k như vây quá lịch_sự r thanks mặc_dù mink mong_chờ hơn nv,0,1
30573,trai nho hon mih tuog tuon,0,1
30579,mất quả pin anker hàng xách tay gần củ tiếc đứt_ruột  lên sục_sạo rồi xách em về dùng được hơn tháng rồi thấy ngon chẳng kém giá bằng có 13 pin dự_phòng chắc ngoài anker được thằng xiaomi ngon chứ mấy ông kia dùng nóng v cả ra chỉ tổ chai pin đt,0,1
30597,mua toàn đồ linh_tinh nhưng giao đủ ko thiếu 1 chi_tiết hee,0,1
30619,wtf mua phải cái đồng_hồ chết ntn,1,0
30657,chất_lượng oke vừa_ý đóng hàng kĩ tốt nhưng nhân_viên hứa mua hàng sẽ được nhận quà tặng như như cuối_cùng nhận được hàng không thấy quà tặng như nviên tư_vấn nói ib hỏi cứ trả_lời quanh_co không vấn_đề rồi chả rep ib luôn thà nói kh tặng trớt ,0,1
30662,điểm cộng son giá_thành hạt_dẻ màu_sắc đa_dạng tha_hồ lựa_chọn bạn hốt luôn 2 cây mỗi đứa màu cũng ưng_ý cả nhưng rất khuyến_khích dùng kèm son_dưỡng vì son làm khô môi điểm trừ mạnh son dễ gãy cực cứ phải nhẹ_nhàng cực ấy còn nữa nếu để son bị nóng hay đãng để trên máy_tính son như muốn tan chảy ra luôn vậy,1,0
30664,hợp đựng đồng_hồ không giống như clip sao nó lại ra ten v,0,1
30669,mới nhận hàng chiều nay test ngay thấy cũng được nhưng_mà nói_chung ko che được hẵn những vết thâm sau mụn nhiều lắm có_điều bên ngoài em nhỏ gọn nhìn đáng yêu lắm tiện túi có_điều hơi ướt_ướt ko biết nó vậy rồi hay do nóng quá nên em nó chảy mồ_hôi nữa hi,1,0
30704,đệm tay,1,0
30730,đắt,1,0
30741,yêu_cầu viết phiếu thu đã liên_hệ chat goi dt báo sẽ gửi kèm nhưng nhận vẫn k có,1,0
30746,mùi hương không được tốt lắm độ cứng còn hơi ít,1,0
30778, tạm thôi,0,1
30784,phuc_vụ quá tốt chất_lượng thành thương_hiệu rồi,0,1
30793,htc nghĩ sao vị_thế của hãng tự_tin áp mức giá htc 10 có_thể chiếc phone tốt nhưng giá bán doanh_số sẽ thảm_hại ,1,0
30813,thời_gian khá nhanh nhưng bên giày mũi quá dài nhìn k đẹp,1,0
30832,ốp bị vỡ có đổi hay hoàn tiền đươc không,1,0
30844,đắt,1,0
30915,công_nhận 1 điều quyển sách thiết_kế đẹp bắt_mắt  tựa đề hay   tuy_nhiên nội_dung không hay sâu_lắng cũng không liên_quan mấy đến tựa đề quyển sách  2sao phần thiết_kế bìa sách,1,0
30916,giao hang nhanh đóng_gói cẩn_thận tuy chưa nếm thử nhưng nhìn mực rất thật so hình sẽ bình_luận về mức_độ sản_phẩm trong cmt tới chúc bán_chạy hàng,0,1
30954,chất_lượng ok lắm nhưng nên kiểm_tra nút xịt kỷ hơn vì xịt rất nó không phun thành dòng đổ ra ngoài nên chọn_lựa chai xịt tốt hơn ạ,0,1
30985,màu y_hình nhưng sản_phẩm bị lỗi 2 tai voi,1,0
30990,chất_lượng sản_phẩm tốt cần tư_vấn nhiệt_tình hơn phục_vụ kém,1,0
31011,cha tốt teo phi tiền,1,0
31039,chất_lượng sản_phẩm tu đóng_gói sản_phẩm rất đẹp chắ,0,1
31051,cái màn_hình hơi sước,0,1
31067,giao hàng nhanh sp chất_lượng lại rẻ hơn mua bên ngoài rất nhiều,0,1
31081,chuẩn cam da sữa sáng hơi bị thất_vọng vì màu hơi sáng hơn dự_định đánh k đều sẽ xấu nhưng nhìn_chung màu tạm ổn,0,1
31098,mùi không thích lỡ tay nên đã làm gãy vừa_mới nhận hàng son mềm quá,1,0
31114,trên cả sự mong_đợi,0,1
31124,đồng_hồ em chạy kh tốt đổi sao anh,0,1
31158,nhiệt_kế bị hỏng,1,0
31179,nói con pin yếusóng yếu sao xài hai ngày rồi chưa hết pin 3g ầm_ầm,0,1
31188,chất_lượng sản_phẩm tuyệt_vời thời_gian giao hàng chậm,0,1
31205,sạc đt đầy pin k tự ngắt vs chức_năng thông_minhk hỗ_trợ sạc nhanh của note 8 sử_dụng loa nhỏ k duy_trì cứ sau 1p tắt loa,1,0
31210,rất đẹp 2 đôi đặt vừa in tưởng hết tết mới nhận hàng may_teets vaanx cos giasy moies,0,1
31233,ấm có mùi nhựa đóng_gói sản_phẩm rất đẹp chắc_chắn,0,1
31265,vì_vậy cũng tạm ổn không có dây dài như hình,1,0
31266,đã từng fan của sony có đôi điều cần nói bạn hiện_tại sony không ổn về chất_lượng lỗi phần_cứng khá nhiều bạn nên từ_bỏ sony để không fải gặp những lỗi loa rè liệt cảm_ứng khó_chịu ấy thay theo yêu_cầu của bạn bạn có_thể chọn samsung s7 edge hay 1 loại đt khác ko fải sony đã rất sợ sony rồi,1,0
31316,chat vai dep nhug hjh nuu co tjnh giao sai mau mjh ghet mâu trang de bj ban ma lai gjao mau do nen chan luon,1,0
31318,không dám dùng vì thấy mã_vạch 69 tại bản_thân chưa tìm_hiểu kĩ nên cũng mua đủ giá free ship,0,1
31322,chất_lượng sản_phẩm tuyệt_vời nhưng giao hàng chậm,0,1
31342, gửi hàng rất nhanh nhưng phía bên giao hàng nhanh giao chậm quá,1,0
31347,ưu_điểm boot đẹp phù_hợp giá tiền nhược_điểm đế bị bong 1_chút cổ_chân hơi rộng đại nhược_điểm đóng_gói quá tệ lần đầu_tiên gặp gói hàng tệ đến vậy kết_luận sp phù_hợp giá có_thể chấp_nhận,1,0
31355,hàng bị thất_lạc không giao đến được nhưng hỗ_trợ tra_soát hàng tốt,0,1
31385,mùi ghê rít nhờn,1,0
31419,đốt để qua đêm_sáng thấy có gián lật bụng ko biết trùng_hợp hay_là thật_sự có công_dụng,1,0
31422,máy htc one v xưa của vừa mua xong đã phải bảo_hành không được up android sensei chạy rất lag nặng loa kém hơn iphone thấy rõ từ ghét htc ,1,0
31434,chất_lượng sản_phẩm tuyệt_vời nhưng giao hàng hơn chậm,0,1
31450,thơm nồng_nàn,0,1
31459,không có những cộng nghệ đầu nhưng xiaomi luôn đầu về giá kkk,1,0
31473,chữ trên thân gói hơi mờ_nhòe ko biết có phải hàng auth ko,1,0
31550,sản_phẩm cũng được nhưng giao thiếu hàng vẫn chưa nhận được tiền trả hơi buồn,1,0
31562,ban_đầu dùng đc bền k rõ,0,1
31580,sản_phẩm hơi cũ bị xước nhẹ,0,1
31581,sizze giày chưa chuẩn,0,1
31612,hàng giống như hình quảng_cáo giao hàng nhanh check mã_vạch được xài thử 01 lần không thấy ngứa,0,1
31726,1_số mặt_hàng công_nghệ của tq ko kém của thế_giới cũng gần như sámung kém iphone 1_chút giá lại rẻ nếu dùng mang tính_chất sử_dụng công_nghệ ko cần đánh bóng như sámung iphone sp hợp_lýtôi ủng_hộ sp ,0,1
31728,thời_gian giao hàng rất nhanh rất không đáng tiềndùng mấy hôm lại hỏng nhếch,1,0
31763,son mau đo hông,0,1
31777,thời_đại hôm_nay viết sách đã dễ để in sách càng dễ hơn phải_chăng bìa sách được chăm_chút rất đẹp bắt_mắt ưu_điểm đầu_tiên cộng thêm cái tên nghe khá dễ_thương ưu_điểm thứ hai cũng ưu_điểm cuối_cùng nội_dung khá nhạt kết_cấu rời_rạc được chia làm hai phần viết ngược chiều vẫn biết tự bản_thân tản_văn khó viết hay nhưng thật cuốn sách chẳng có đặc_sắc hoặc cố lấy điểm nhấn cũng chẳng khác_gì mấy câu thở_than hay kể_lể của bạn trẻ từng hoặc vài lần chông_chênh gom_góp lại thành cuốn sách thậm_chí nhiều đoạn đọc thấy buồn_cười vì nó ngô_nghê thế_nào,1,0
31786,cái hủ khô_bò ko niêm_phong thấy nó nhẹ hơn so túi mực bỏ lên cân có 4lạng hơn xíu tính lun cả hủ,0,1
31825,mấy cái quần_đùi in giặt bị ra màu tèm_lem hết rùi ơi huhu,1,0
31880,tiền_nào_của_ý form chuẩn chỉ có_điều vừa chưa đc 2p đã bong đế gót nên ktra kỹ hàng trước giao,1,0
31978,hợp tone da k quá trắng như mùi hoá_học chất kem lỏngche phủ trung_bình giao hàng nhanh,0,1
31984,hàng giao nhầm đã gửi lại hàng khác chưa thử nên chưa biết chất_lượng,1,0
32009,nhu cuc cuc,1,0
32017,ngon nhưng hơi ngọt mua về toàn ăn hết trong 1 ngày,0,1
32042,quạt yếu qá,1,0
32045,15cai chỉ gần 600gr thôi bánh đa_dạng nhưng nhỏ nhìu,0,1
32075,zenfone 3 không làm tui thất_vọng trên tay ngất_ngây con gà_tây,0,1
32084,yêu_cầu đổi sản_phẩm bàn_phím không dùng được chế_độ dung của máy cũng hỏng máy thiếu tai nghe đã được tư_vấn chăm_sóc của đại_lý hẹn đổi máy khác trong ngày rất tốt,0,1
32150,lắc bạc rất đẹp mỗi son lắm chì lại quảng_cáo ko chì bùn,0,1
32192,sản_phẩm có mùi thơm,0,1
32198,giày về vừa chân giống hình nhưng đế hơi trơn,1,0
32204,ngàn like,0,1
32207,khung viền kim_loại máy chắc_chắn hơn rồi có hỗ_trợ cả 4g cập_nhật kịp_thời r,0,1
32215,tuyetj cú_mèo 169k,0,1
32238,chính_xác nhái xiaomi mua cục xiaomi 10400mah giá chỉ bằng một_nửa,1,0
32276,ôi rửa xe phát bong luôn còn để lại keo bửn như cứt,1,0
32279,nên ghi rõ kích_cỡ của sản_phẩm chụp lên rõ to làm mua 5 cái chị_em cùng cơ_quan nhưng hàng gửi bé xíu thấy thất_vọng quá,1,0
32311,biết qua trang_web nay mới biết có shoppe uy_tín trong lẫn ngoài,0,1
32317,chi duoc 1sp la dep 2cai con lai ko duoc_ung nam,0,1
32320,gan nhu hinh,1,0
32325,hình_như redmi note 3 chụp    chưa ngon so giá,1,0
32344,giày như trong hình,0,1
32407,đã xác_minh hàng chính_xác giao hàng nhanh sau 2 ngày hỏng,1,0
32457,rộng so bình sữa,0,1
32470,kem mỏng ko cảm_giác nặng da nhìn thật đóng_gói sản_phẩm rất đẹp chắc_chắn,0,1
32472,quá đỉnh quá mong_ước luôn   mỗi_tội chưa có đủ xèng để mua,0,1
32490,hơi lùn,1,0
32563,dùng ôm bụng hài_lòng sản_phẩm,0,1
32565,em đã mua giày em không thấy dây giày hết ạ,1,0
32605,kiêu_dang hoan hao qua ,0,1
32614,so đôi màu nâu chất_lượng không bì được nhưng phom giày ổn đế ok da pu lót trong bằng vải không phải da nói_chung giá không_thể đòi_hỏi khắc_khe được hy_vọng buôn_bán thêm loại tốt hơn như đôi cũ của chất_lượng tốt giá cao tí không sao ạ,0,1
32625,ngon ăn gạo nhiều kb bị béo ko hix,0,1
32693,giao hàng nhanh sản_phẩm ko được tốt như mong_đợi,0,1
